/*
SQLyog Trial v11.01 (32 bit)
MySQL - 5.5.56 : Database - bread_fantasy
*********************************************************************
*/

/*!40101 SET NAMES utf8 */;

/*!40101 SET SQL_MODE=''*/;

/*!40014 SET @OLD_UNIQUE_CHECKS=@@UNIQUE_CHECKS, UNIQUE_CHECKS=0 */;
/*!40014 SET @OLD_FOREIGN_KEY_CHECKS=@@FOREIGN_KEY_CHECKS, FOREIGN_KEY_CHECKS=0 */;
/*!40101 SET @OLD_SQL_MODE=@@SQL_MODE, SQL_MODE='NO_AUTO_VALUE_ON_ZERO' */;
/*!40111 SET @OLD_SQL_NOTES=@@SQL_NOTES, SQL_NOTES=0 */;
CREATE DATABASE /*!32312 IF NOT EXISTS*/`bread_fantasy` /*!40100 DEFAULT CHARACTER SET utf8 */;

USE `bread_fantasy`;

/*Table structure for table `goodss` */

DROP TABLE IF EXISTS `goodss`;

CREATE TABLE `goodss` (
  `goodsId` varchar(20) NOT NULL,
  `goodsName` varchar(50) NOT NULL,
  `price` double NOT NULL,
  `type` int(11) NOT NULL,
  `color` varchar(20) DEFAULT 'null',
  `tatse` varchar(20) DEFAULT 'null',
  `size` int(11) DEFAULT '1',
  `batching` varchar(200) NOT NULL,
  `introduce` varchar(200) NOT NULL,
  `toBadTime` varchar(20) NOT NULL,
  `flag` int(11) NOT NULL DEFAULT '0',
  PRIMARY KEY (`goodsId`)
) ENGINE=InnoDB DEFAULT CHARSET=utf8;

/*Data for the table `goodss` */

insert  into `goodss`(`goodsId`,`goodsName`,`price`,`type`,`color`,`tatse`,`size`,`batching`,`introduce`,`toBadTime`,`flag`) values ('10001','芒果慕斯蛋糕',14.8,2,'红色','好吃',2,'芒果果冻、人造奶油、芒果、鲜鸡蛋、白砂糖、纯牛奶、水、小麦粉、植物油、可可粉、食品添加剂(明胶、β-胡萝卜素、山梨酸钾)','慕斯可以直接吃或做蛋糕夹层，也就是我们常说的慕斯蛋糕，西方人更多喜欢吃慕斯，但对亚洲人来讲，仅吃慕斯 过于甜腻，还是配上蛋糕一起入口更加清爽可口。','3天',0),('10002','擂茶炼乳慕斯',13.8,1,'','',1,'人造奶油、鲜鸡蛋、水果、白砂糖、纯牛奶、红小豆、炼乳、巧克力(代可可脂)、水、小麦粉、抹茶粉(绿茶、叶绿素铜钠盐、食用香料)、植物油、食品添加剂(明胶、山梨酸钾)','绿茶蛋糕是一种休闲甜点，以面粉、鸡蛋、绿茶粉为主要原料，富含叶酸、 胡萝卜素、脂肪、膳食纤维、蛋白质、 钙 、钠 、钾等营养物质','3天',0),('10003','布朗尼蛋糕',13.8,1,'','',1,'坚果、霜状白糖、生奶油、巧克力','慕斯可以直接吃或做蛋糕夹层，也就是我们常说的慕斯蛋糕，西方人更多喜欢吃慕斯，但对亚洲人来讲，仅吃慕斯 过于甜腻，还是配上蛋糕一起入口更加清爽可口。','3天',0),('10004','榛子巧克力蛋糕',12.8,1,'','',1,'鲜鸡蛋、榛子巧克力馅(代可可脂)、奶油、纯牛奶、扁桃仁巧克力馅(代可可脂)、白砂糖、小麦粉、优酸乳华夫脆(代可可脂)、玉米淀粉、白兰地、食品添加剂(明胶、酒石酸氢钾、酒石酸)','巧克力的口味比较丰富，蛋糕的种类也非常的多，殊不知两者结合的巧克力蛋糕看上去就会有一种丝滑的感觉，让人忍不住想要尝试','3天',0),('10005','榴莲风味慕斯蛋糕',13.8,1,'','',1,'奶油、鲜鸡蛋、榴莲巧克力馅(代可可脂)、白砂糖、纯牛奶、人造奶油、小麦粉、水果、玉米淀粉、白兰地、食品添加剂(明胶、酒石酸氢钾、酒石酸)','慕斯可以直接吃或做蛋糕夹层，也就是我们常说的慕斯蛋糕，西方人更多喜欢吃慕斯，但对亚洲人来讲，仅吃慕斯 过于甜腻，还是配上蛋糕一起入口更加清爽可口。','3天',0),('10006','水果格格慕斯',3,1,'','',1,'人造奶油、鲜鸡蛋、白砂糖、巧克力(代可可脂)、小麦粉、菠萝、黄桃、纯牛奶、植物油、柠檬、水、食品添加剂(山梨酸钾)','慕斯可以直接吃或做蛋糕夹层，也就是我们常说的慕斯蛋糕，西方人更多喜欢吃慕斯，但对亚洲人来讲，仅吃慕斯过于甜腻，还是配上蛋糕一起入口更加清爽可口。','3天',0),('20001','黄金乳酪面包',3,2,'','',1,'小麦粉、奶油、白砂糖、干酪、水、猪油、乳粉、食用盐、酵母、食品添加剂(硫酸钙、维生素C)','面包幻想将点心与更多的美味元素和地域文化联系并融合到一起。冲破地域的局限，精选各地优质原料，打造异地特色点心，在大师的精心制作下，成就一场美味与文化并重的人文盛宴。','2天',0),('20002','乳酪面包',11.8,2,'','',1,'小麦粉、干酪、麦芽糖、纯牛奶、白砂糖、人造奶油、柚子奶露果味酱、水、鲜鸡蛋、奶油、乳粉、食用盐、酵母、食品添加剂(硫酸钙、维生素C)','奶酪包据说起源于苏州花园饼屋，是该饼屋的顶级产品，奶酪包最近在朋友圈相当的火爆。','4天',0),('20003','辣味肉松面包',11.8,2,'','',1,'小麦粉、白砂糖、鲜鸡蛋、纯牛奶、人造奶油、乳粉、肉松、植物油、水、食用盐、酵母、香辛料、食醋、食品添加剂(硫酸钙、维生素C、山梨酸钾)','肉松是我国著名特产之一，用猪的瘦肉或鱼肉、鸡肉除去水分后而制成，因其质地疏松而得其名。肉松具有营养丰富，味美可口，携带方便等特点，故十分受人们欢迎。','1天',0),('20004','日式手撕面包',11.8,2,'','',1,'小麦粉、人造奶油、鲜鸡蛋、白砂糖、酵母、乳粉、淀粉、水、食用盐、食品添加剂(硫酸钙、维生素C)','面包幻想将点心与更多的美味元素和地域文化联系并融合到一起。冲破地域的局限，精选各地优质原料，打造异地特色点心，在大师的精心制作下，成就一场美味与文化并重的人文盛宴。','2天',0),('20005','黄金乳酪面包',11.8,2,'','',1,'咖喱鸡排(鸡肉、水、淀粉、食用盐、白砂糖、咖喱粉、香辛料、辣椒红、食用香料、焦磷酸钠、三聚磷酸钠)、小麦粉、植物油、黄瓜、番茄、生菜、纯牛奶、白砂糖、鲜鸡蛋、水、猪油、芥末、人造奶油、食用盐、酵母、食品添加剂(硫酸钙、维生素C、黄原胶、山梨酸钾、β-','营养全面的鸡排三明治，很适合来拿当早餐或是点心。','1天',0),('30001','牛利酥',6.5,3,'','',1,'花生仁、鲜鸡蛋、白砂糖、小麦粉、乳粉、淀粉、食品添加剂（碳酸氢钠、焦磷酸二氢二钠、单，双甘油脂肪酸酯、聚甘油脂肪酸酯、硬脂酸钾、食用香精）','牛脷酥是广东省常见的汉族小吃。因很多人都将之与粥一起吃。甜味，因形状像牛的舌头，所以叫牛脷酥，以面 粉及砂糖混合後油炸而成。','30天',0),('30002','椰香酥条',10,3,'','',1,'面粉、植物油、麦芽糖','椰香酥排是一种以普通面粉、植物油、麦芽糖为原料而制成的糕点。','60天',0),('30003','牛奶味卡拉棒',10,3,'','',1,'低筋粉，黄油，鸡蛋','纯手工制作而成，醇浓牛奶香，松脆可口，回味无穷！','60天',0),('30004','奶香牛轧糖',16.8,3,'','',1,'麦芽糖、花生仁、白砂糖、奶油、乳粉、鲜鸡蛋、食用盐','百吃不腻，口感独特，鲜香美味，让你流连忘返，采用传统制作工艺，风味浓厚！','60天',0);

/*Table structure for table `orders` */

DROP TABLE IF EXISTS `orders`;

CREATE TABLE `orders` (
  `orderId` varchar(20) NOT NULL,
  `goodsNum` int(11) NOT NULL,
  `userName` varchar(20) NOT NULL,
  `userId` varchar(20) NOT NULL,
  `goodsId` varchar(20) NOT NULL,
  `address` varchar(100) NOT NULL,
  `phone` varchar(11) NOT NULL,
  `price` double NOT NULL,
  `goodsName` varchar(100) NOT NULL,
  `flag` int(11) NOT NULL DEFAULT '0',
  PRIMARY KEY (`orderId`)
) ENGINE=InnoDB DEFAULT CHARSET=utf8;

/*Data for the table `orders` */

insert  into `orders`(`orderId`,`goodsNum`,`userName`,`userId`,`goodsId`,`address`,`phone`,`price`,`goodsName`,`flag`) values ('10001121041',1,'奎','15328098391','10001','四川省*成都市*崇州市*怀远','15328098391',14.8,'芒果慕斯蛋糕',2),('10001214454',1,'管理员','admin','10001','北京*undefined*undefined*undefined','15681840869',14.8,'芒果慕斯蛋糕',0),('10002124222',1,'奎','15328098391','10002','四川省*成都市*崇州市*怀远','15328098391',13.8,'擂茶炼乳慕斯',2),('10002130531',1,'妖怪','15681840869','10002','四川省*遂宁市*射洪县*曹碑镇大池村','15681840869',13.8,'擂茶炼乳慕斯',0),('10002134833',1,'奎','15328098391','10002','四川省*成都市*崇州市*怀远','15328098391',13.8,'擂茶炼乳慕斯',2),('10002215600',1,'奎','15328098391','10002','四川省*成都市*崇州市*怀远','15328098391',13.8,'擂茶炼乳慕斯',2),('10003134845',3,'奎','15328098391','10003','四川省*成都市*崇州市*怀远','15328098391',41.4,'布朗尼蛋糕',2),('10003202135',1,'奎','15328098391','10003','四川省*成都市*崇州市*怀远','15328098391',13.8,'布朗尼蛋糕',0),('10004083415',1,'1','12222222222','10004','内蒙古*赤峰市*克什克腾旗*二手任飞飞飞飞','12222222222',12.8,'榛子巧克力蛋糕',1),('20001202052',1,'奎','15328098391','20001','四川省*成都市*崇州市*怀远','15328098391',3,'黄金乳酪面包',0),('20001202055',1,'奎','15328098391','20001','四川省*成都市*崇州市*怀远','15328098391',3,'黄金乳酪面包',0),('20001202058',7,'奎','15328098391','20001','四川省*成都市*崇州市*怀远','15328098391',21,'黄金乳酪面包',0),('20001202150',1,'奎','15328098391','20001','四川省*成都市*崇州市*怀远','15328098391',3,'黄金乳酪面包',0),('20001231124',1,'xxx','13330333333','20001','湖南省*怀化市*通道侗族自治县*www','13330333333',3,'黄金乳酪面包',0),('20002160852',1,'妖怪','15681840869','20002','四川省*遂宁市*射洪县*曹碑镇大池村','15681840869',11.8,'乳酪面包',2),('20003232348',1,'妖怪','15681840869','20003','四川省*遂宁市*射洪县*曹碑镇大池村','15681840869',11.8,'辣味肉松面包',2),('20005171854',2,'奎','15328098391','20005','四川省*成都市*崇州市*怀远','15328098391',23.6,'黄金乳酪面包',2),('20005232356',1,'妖怪','15681840869','20005','四川省*遂宁市*射洪县*曹碑镇大池村','15681840869',11.8,'黄金乳酪面包',2),('30001204354',1,'妖怪','15681840869','30001','四川省*遂宁市*射洪县*曹碑镇大池村','15681840869',6.5,'牛利酥',0),('30003132854',1,'妖怪','15681840869','30003','四川省*遂宁市*射洪县*曹碑镇大池村','15681840869',10,'牛奶味卡拉棒',0),('30003160859',1,'妖怪','15681840869','30003','四川省*遂宁市*射洪县*曹碑镇大池村','15681840869',10,'牛奶味卡拉棒',2),('30003202200',1,'奎','15328098391','30003','四川省*成都市*崇州市*怀远','15328098391',10,'牛奶味卡拉棒',0),('30003204634',1,'妖怪','15681840869','30003','四川省*遂宁市*射洪县*曹碑镇大池村','15681840869',10,'牛奶味卡拉棒',0),('30003232339',1,'妖怪','15681840869','30003','四川省*遂宁市*射洪县*曹碑镇大池村','15681840869',10,'牛奶味卡拉棒',2),('30003232343',1,'妖怪','15681840869','30003','四川省*遂宁市*射洪县*曹碑镇大池村','15681840869',10,'牛奶味卡拉棒',0),('30004160907',1,'妖怪','15681840869','30004','四川省*遂宁市*射洪县*曹碑镇大池村','15681840869',16.8,'奶香牛轧糖',2);

/*Table structure for table `users` */

DROP TABLE IF EXISTS `users`;

CREATE TABLE `users` (
  `userId` varchar(15) NOT NULL,
  `passWord` varchar(20) NOT NULL,
  `type` int(1) NOT NULL DEFAULT '0',
  `nickName` varchar(20) NOT NULL,
  `birthday` varchar(100) NOT NULL,
  `address` varchar(100) NOT NULL,
  `phone` varchar(11) NOT NULL,
  `sex` int(1) NOT NULL DEFAULT '0',
  PRIMARY KEY (`userId`)
) ENGINE=InnoDB DEFAULT CHARSET=utf8;

/*Data for the table `users` */

insert  into `users`(`userId`,`passWord`,`type`,`nickName`,`birthday`,`address`,`phone`,`sex`) values ('11111111111','qwertyuiop',0,'sdfg','1950年4月12日','浙江省*嘉兴市*海盐县*sdfg sdfg sd ','11111111111',0),('12222222222','qwert',0,'1','1941年5月5日','内蒙古*赤峰市*克什克腾旗*二手任飞飞飞飞','12222222222',0),('12345678901','lrlr1209',0,'刘瑞','1948年2月18日','河南省*新乡市*卫滨区*啊反复确认','12345678901',1),('13330333333','qqqqqqwww',0,'xxx','1955年3月20日','湖南省*怀化市*通道侗族自治县*www','13330333333',0),('15101020222','adminadmin',0,'asd','1954年11月18日','湖南省*湘西土家族苗族自治州*吉首市*ad','15101020222',0),('15328098391','123456789',0,'奎','2000年10月24日','四川省*成都市*崇州市*怀远','15328098391',1),('15681840869','kiss.goodbye',0,'妖怪','1996年12月2日','四川省*遂宁市*射洪县*曹碑镇大池村','15681840869',1),('18040417207','Ytl18040417207',0,'ytl','1937年1月1日','河北省*唐山市*路南区*四川','18040417207',0),('18882028869','kiss.goodbye',0,'sd','2017年11月4日','四川省*遂宁市*安居区*跟你说无','18882028869',1),('22222222222','2222222222222222',0,'了打开看','1947年4月15日','河南省*鹤壁市*鹤山区*而发热割发代首vfdv','22222222222',0),('admin','admin',1,'管理员','1996年12月2日','北京','15681840869',1),('liurui','liurui',1,'刘蕊','1996年10月24日','四川省','1',0);

/*!40101 SET SQL_MODE=@OLD_SQL_MODE */;
/*!40014 SET FOREIGN_KEY_CHECKS=@OLD_FOREIGN_KEY_CHECKS */;
/*!40014 SET UNIQUE_CHECKS=@OLD_UNIQUE_CHECKS */;
/*!40111 SET SQL_NOTES=@OLD_SQL_NOTES */;
